<?xml version='1.0' encoding='UTF-8'?>
<result plugin="junit@1.20">
  <suites>
    <suite>
      <file>/home/vachagan/Desktop/slave1/workspace/UnitTest/project/test/test-reports/TEST-TestStringMethods-20170719221041.xml</file>
      <name>TestStringMethods-20170719221041</name>
      <stdout>
	</stdout>
      <stderr>
	</stderr>
      <duration>0.0</duration>
      <time>0.000</time>
      <cases>
        <case>
          <duration>0.0</duration>
          <className>TestStringMethods</className>
          <testName>test_upper</testName>
          <skipped>false</skipped>
          <failedSince>0</failedSince>
        </case>
      </cases>
    </suite>
  </suites>
  <duration>0.0</duration>
  <keepLongStdio>true</keepLongStdio>
</result>