<?xml version='1.0' encoding='UTF-8'?>
<result plugin="junit@1.20">
  <suites>
    <suite>
      <file>/var/jenkins/workspace/PythonUnitTest/test-reports/TEST-TestCalc-20170719223816.xml</file>
      <name>TestCalc-20170719223816</name>
      <stdout>
	</stdout>
      <stderr>
	</stderr>
      <duration>0.0</duration>
      <time>0.000</time>
      <cases>
        <case>
          <duration>0.0</duration>
          <className>TestCalc</className>
          <testName>test_mul</testName>
          <skipped>false</skipped>
          <failedSince>0</failedSince>
        </case>
      </cases>
    </suite>
  </suites>
  <duration>0.0</duration>
  <keepLongStdio>false</keepLongStdio>
</result>