<?xml version='1.0' encoding='UTF-8'?>
<result plugin="junit@1.20">
  <suites>
    <suite>
      <file>/var/lib/jenkins/workspace/sendEmail/calculator/test-reports/TEST-TestStringMethods-20170719174753.xml</file>
      <name>TestStringMethods-20170719174753</name>
      <stdout>
Division on 0 
	</stdout>
      <stderr>
	</stderr>
      <duration>0.0</duration>
      <time>0.000</time>
      <cases>
        <case>
          <duration>0.0</duration>
          <className>TestStringMethods</className>
          <testName>test_div_negative</testName>
          <skipped>false</skipped>
          <failedSince>0</failedSince>
        </case>
        <case>
          <duration>0.0</duration>
          <className>TestStringMethods</className>
          <testName>test_div_positive</testName>
          <skipped>false</skipped>
          <failedSince>0</failedSince>
        </case>
        <case>
          <duration>0.0</duration>
          <className>TestStringMethods</className>
          <testName>test_mul_negative</testName>
          <skipped>false</skipped>
          <failedSince>0</failedSince>
        </case>
        <case>
          <duration>0.0</duration>
          <className>TestStringMethods</className>
          <testName>test_mul_positive</testName>
          <skipped>false</skipped>
          <failedSince>0</failedSince>
        </case>
        <case>
          <duration>0.0</duration>
          <className>TestStringMethods</className>
          <testName>test_sub_negative</testName>
          <skipped>false</skipped>
          <failedSince>0</failedSince>
        </case>
        <case>
          <duration>0.0</duration>
          <className>TestStringMethods</className>
          <testName>test_sub_positive</testName>
          <skipped>false</skipped>
          <failedSince>0</failedSince>
        </case>
        <case>
          <duration>0.0</duration>
          <className>TestStringMethods</className>
          <testName>test_sum_negative</testName>
          <skipped>false</skipped>
          <failedSince>0</failedSince>
        </case>
        <case>
          <duration>0.0</duration>
          <className>TestStringMethods</className>
          <testName>test_sum_positive</testName>
          <skipped>false</skipped>
          <failedSince>0</failedSince>
        </case>
      </cases>
    </suite>
  </suites>
  <duration>0.0</duration>
  <keepLongStdio>true</keepLongStdio>
</result>